{
  "best_value": 10096.373354,
  "params": {
    "lr": 0.002661808797375751,
    "buffer": 100000,
    "batch": 128,
    "gamma": 0.97,
    "exp_frac": 0.31397343616689855,
    "net_depth": 3,
    "net_width": 256
  }
}