{
  "best_value": 9354.2715546,
  "params": {
    "lr": 0.0005768936777811531,
    "n_steps": 512,
    "batch": 64,
    "gamma": 0.99,
    "gae_lambda": 0.93901915719646,
    "clip_range": 0.24080809202092546,
    "ent_coef": 0.003455014454264026,
    "net_depth": 3,
    "net_width": 256
  }
}